[
    {
        "doctype": "Custom Field",
        "dt": "Bank Transaction",
        "fieldname": "custom_debit",
        "fieldtype": "Link",
        "label": "Debit Account",
        "insert_after": "company",
        "options": "Account"
    },
    {
        "doctype": "Custom Field",
        "dt": "Bank Transaction",
        "fieldname": "custom_credit",
        "fieldtype": "Link",
        "label": "Credit Account",
        "insert_after": "custom_debit",
        "options": "Account"
    },
    {
        "doctype": "Custom Field",
        "dt": "Bank Transaction",
        "fieldname": "custom_journal_entry",
        "fieldtype": "Link",
        "label": "Journal Entry",
        "insert_after": "custom_credit",
        "options": "Journal Entry",
        "read_only": 1
    },
    {
        "doctype": "Custom Field",
        "dt": "Bank Transaction",
        "fieldname": "custom_amount",
        "fieldtype": "Currency",
        "label": "Amount",
        "insert_after": "custom_journal_entry",
        "read_only": 1
    }
]